Original Ingredient,Substitutes,Cuisine,Kilo Calories,Reason for Substitution
Almond,"Cashews, Hazelnuts, Sunflower Seeds",Various,576,Allergy-friendly
Apple,"Pear, Quince, Kiwi",Desserts,52,Texture and flavor
Avocado,"Hummus, Greek Yogurt, Silken Tofu",Dips,160,Vegan
Basil,"Oregano, Thyme, Mint",Italian,22,Flavor variation
Banana,"Applesauce, Plantain, Mango",Smoothies,89,Texture and sweetness
Bell Pepper,"Zucchini, Poblano Pepper, Carrot",Mexican,20,Milder flavor
Black Bean,"Kidney Beans, Lentils, Chickpeas",Latin,341,Protein source
Blueberry,"Blackberries, Raspberries, Cranberries",Desserts,57,Availability
Bok Choy,"Napa Cabbage, Swiss Chard, Kale",Asian,13,Leafy greens substitute
Bread,"Gluten-Free Bread, Rice Cakes, Lettuce Wraps",Sandwiches,265,Gluten-free option
Brown Sugar,"Coconut Sugar, Honey, Maple Syrup",Baking,387,Healthier sweeteners
Butter,"Margarine, Ghee, Coconut Oil",Baking,717,Dairy-free
Cabbage,"Kale, Collard Greens, Napa Cabbage",Various,25,Leafy greens substitute
Carrot,"Sweet Potato, Butternut Squash, Zucchini",Soups,41,Texture and flavor
Cauliflower,"Broccoli, Romanesco, Cabbage",Various,25,Low-carb
Celery,"Fennel, Cucumber, Leeks",Soups,16,Milder flavor
Chia Seed,"Flaxseed, Hemp Seeds, Poppy Seeds",Baking,486,Nutrient density
Chicken Breast,"Tofu, Tempeh, Seitan",Various,165,Vegan
Chickpea,"White Beans, Lentils, Black Beans",Mediterranean,164,Flavor and texture
Cilantro,"Parsley, Basil, Mint",Mexican,23,Flavor and availability
Cinnamon,"Nutmeg, Allspice, Pumpkin Pie Spice",Baking,247,Flavor variation
Clove,"Allspice, Nutmeg, Cinnamon",Baking,274,Flavor variation
Coconut,"Almonds, Cashews, Sunflower Seeds",Various,354,Allergy-friendly
Cucumber,"Zucchini, Jicama, Celery",Salads,15,Texture and crunch
Dairy Milk,"Almond Milk, Soy Milk, Oat Milk",Various,42,Dairy-free
Dark Chocolate,"Milk Chocolate, Cocoa Powder, Carob",Desserts,546,Flavor variation
Dates,"Raisins, Figs, Prunes",Desserts,277,Natural sweetener
Dill,"Tarragon, Thyme, Parsley",Mediterranean,43,Flavor variation
Eggplant,"Zucchini, Portobello Mushrooms, Tofu",Mediterranean,25,Texture and flavor
Fennel,"Celery, Leeks, Anise",Soups,31,Milder flavor
Flour,"Almond Flour, Coconut Flour, Oat Flour",Baking,364,Gluten-free
Garlic,"Shallots, Leeks, Garlic Powder",Various,149,Flavor and availability
Ginger,"Galangal, Turmeric, Lemon Zest",Asian,80,Flavor variation
Grape,"Raisins, Cranberries, Pomegranate",Desserts,69,Flavor variation
Green Bean,"Asparagus, Snow Peas, Broccoli Florets",Various,31,Texture and flavor
Honey,"Maple Syrup, Agave Nectar, Brown Rice Syrup",Desserts,304,Vegan
Jalapeno,"Serrano Pepper, Anaheim Pepper, Red Chili Flakes",Mexican,29,Milder flavor
Kale,"Spinach, Collard Greens, Swiss Chard",Smoothies,49,Nutrient density
Kiwi,"Mango, Pineapple, Papaya",Tropical,61,Tropical flavor
Lemon,"Lime, Vinegar, Citric Acid",Baking,29,Flavor variation
Lettuce,"Spinach, Arugula, Kale",Salads,5,Leafy greens substitute
Lime,"Lemon, Vinegar, Tamarind",Mexican,20,Flavor variation
Mango,"Papaya, Peach, Nectarine",Tropical,60,Tropical flavor
Maple Syrup,"Honey, Agave Syrup, Molasses",Baking,260,Natural sweetener
Mushroom,"Tofu, Tempeh, Eggplant",Various,22,Texture and flavor
Mustard,"Horseradish, Vinegar, Wasabi",Condiments,66,Flavor variation
Nutmeg,"Mace, Cinnamon, Allspice",Baking,525,Flavor variation
Olive Oil,"Avocado Oil, Grapeseed Oil, Coconut Oil",Various,884,Cooking alternatives
Onion,"Shallots, Leeks, Chives",Various,40,Flavor variation
Orange,"Clementine, Tangerine, Grapefruit",Tropical,47,Flavor and availability
Oregano,"Thyme, Marjoram, Basil",Italian,22,Flavor variation
Paprika,"Chili Powder, Smoked Paprika, Cayenne Pepper",Mexican,282,Spice variation
Parsley,"Cilantro, Basil, Oregano",Mediterranean,36,Flavor variation
Peach,"Nectarine, Mango, Apricot",Desserts,39,Flavor variation
Peanut Butter,"Almond Butter, Sunflower Butter, Cashew Butter",Snacks,588,Allergy-friendly
Pear,"Apple, Quince, Persimmon",Desserts,57,Texture and flavor
Peas,"Green Beans, Lima Beans, Edamame",Soups,81,Availability
Pineapple,"Mango, Papaya, Orange",Desserts,50,Tropical flavor
Pistachio,"Almonds, Walnuts, Cashews",Desserts,562,Allergy-friendly
Potato,"Sweet Potato, Rutabaga, Cauliflower",Various,77,Texture and flavor
Original Ingredient,Substitutes,Cuisine,Kilo Calories,Reason for Substitution
Pomegranate,"Cranberries, Red Grapes, Kiwi",Mediterranean,83,Flavor and availability
Quinoa,"Couscous, Bulgur Wheat, Rice",Salads,120,Gluten-free
Red Bean,"Kidney Beans, Black Beans, Pinto Beans",Latin,127,Flavor and texture
Red Cabbage,"Green Cabbage, Napa Cabbage, Swiss Chard",Asian,31,Color variation
Red Pepper,"Bell Pepper, PadrÃ³n Pepper, Jalapeno",Mexican,40,Flavor variation
Rice,"Quinoa, Farro, Couscous",Various,130,Gluten-free
Rosemary,"Thyme, Sage, Tarragon",Italian,131,Flavor and availability
Saffron,"Turmeric, Annatto, Marigold Petals",Middle Eastern,310,Cost-effective
Sage,"Thyme, Marjoram, Rosemary",Italian,315,Flavor variation
Salt,"Sea Salt, Himalayan Pink Salt, Kosher Salt",Various,0,Flavor and texture
Sesame Seed,"Sunflower Seeds, Chia Seeds, Poppy Seeds",Asian,573,Allergy-friendly
Shrimp,"Tofu, Tempeh, Seitan",Seafood,85,Vegan
Soy Sauce,"Tamari, Coconut Aminos, Worcestershire Sauce",Asian,53,Low-sodium option
Spinach,"Kale, Swiss Chard, Arugula",Smoothies,23,Leafy greens substitute
Squash,"Zucchini, Pumpkin, Sweet Potato",Italian,35,Seasonal variety
Strawberry,"Raspberry, Blueberry, Blackberry",Desserts,33,Tartness and sweetness
Sweet Potato,"Yams, Butternut Squash, Carrots",Various,86,Flavor and texture
Tofu,"Tempeh, Seitan, Chickpeas",Asian,76,Vegan
Tomato,"Roasted Red Peppers, Sun-Dried Tomatoes, Canned Tomatoes",Italian,18,Texture and flavor
Turmeric,"Curry Powder, Ginger, Saffron",Indian,354,Flavor variation
,,,,
Vanilla,"Almond Extract, Maple Syrup, Vanilla Bean Paste",Baking,288,Flavor and aroma
Walnut,"Pecan, Cashew, Almond",Baking,654,Flavor and texture
Watermelon,"Cantaloupe, Honeydew, Pineapple",Salads,30,Seasonal availability
Wheat Flour,"Almond Flour, Coconut Flour, Rice Flour",Baking,364,Gluten-free
Zucchini,"Yellow Squash, Eggplant, Cucumber",Mediterranean,17,Seasonal availability
Apricot,"Peach, Nectarine, Mango",Desserts,48,Sweetness and texture
Almond Butter,"Peanut Butter, Cashew Butter, Sunflower Seed Butter",Spreads,614,Allergy variation
Asparagus,"Broccoli, Green Beans, Brussels Sprouts",Salads,20,Flavor and availability
Barley,"Quinoa, Farro, Brown Rice",Soups,352,Gluten-free alternative
Basil Pesto,"Spinach Pesto, Arugula Pesto, Sun-Dried Tomato Pesto",Italian,304,Flavor and dietary variation
Beetroot,"Sweet Potato, Carrot, Purple Sweet Potato",Salads,43,Color and sweetness
Blackberries,"Raspberries, Blueberries, Strawberries",Desserts,43,Tartness and sweetness
Blue Cheese,"Feta, Gorgonzola, Goat Cheese",Salads,353,Milder flavor
Brown Rice,"White Rice, Quinoa, Bulgur Wheat",Asian,112,Flavor and texture
Cacao Powder,"Cocoa Powder, Carob Powder, Dark Chocolate",Baking,228,Flavor variation
Cashew Nut,"Almonds, Macadamia Nuts, Hazelnuts",Snacks,553,Flavor and texture
Chard,"Kale, Spinach, Collard Greens",Mediterranean,19,Leafy greens substitute
Chia Jam,"Raspberry Jam, Strawberry Jam, Apricot Jam",Desserts,40,Sweetness and texture
Cinnamon Stick,"Ground Cinnamon, Cloves, Nutmeg",Baking,6,Flavor and convenience
Coconut Oil,"Butter, Olive Oil, Avocado Oil",Baking,862,Flavor and dietary needs
,,,,
Coconut Milk,"Almond Milk, Soy Milk, Cashew Milk",Asian,230,Dairy-free
Corn,"Peas, Carrots, Potatoes",Mexican,86,Seasonal or dietary needs
Cornmeal,"Polenta, Semolina, Oat Flour",Baking,384,Texture and flavor
Cream Cheese,"Ricotta, Greek Yogurt, Mascarpone",Baking,342,Flavor and texture
Cumin,"Caraway Seeds, Coriander, Chili Powder",Indian,375,Flavor profile
Feta Cheese,"Goat Cheese, Ricotta, Halloumi",Mediterranean,264,Milder flavor
Flaxseed,"Chia Seeds, Hemp Seeds, Poppy Seeds",Baking,534,Nutritional needs
Ghee,"Clarified Butter, Butter, Coconut Oil",Indian,900,Dietary preference
Gouda,"Swiss Cheese, Cheddar, Gruyere",European,356,Flavor and availability
Green Onion,"Shallots, Leeks, Chives",Asian,32,Flavor and texture
Greek Yogurt,"Regular Yogurt, Coconut Yogurt, Sour Cream",Mediterranean,59,Dairy-free or lower fat
Hummus,"Guacamole, Baba Ganoush, Tahini",Middle Eastern,166,Flavor variation
Jaggery,"Brown Sugar, Maple Syrup, Molasses",Indian,383,Sweetness and availability
Kale Chips,"Spinach Chips, Zucchini Chips, Carrot Chips",Snacks,50,Flavor and texture
Ketchup,"Tomato Paste, BBQ Sauce, Mustard",American,112,Flavor or sugar content
Kimchi,"Sauerkraut, Pickled Vegetables, Fermented Carrots",Korean,15,Flavor or spice variation
Lavender,"Rosemary, Thyme, Chamomile",Baking,0,Flavor profile
Leek,"Onion, Shallot, Spring Onion",European,61,Flavor and texture
Lentils,"Chickpeas, Black Beans, Split Peas",Indian,116,Flavor and protein
Macadamia Nut,"Cashews, Hazelnuts, Almonds",Snacks,718,Flavor and texture
,,,,
Miso Paste,"Soy Sauce, Tahini, Tamari",Japanese,199,Flavor and availability
Mozzarella,"Provolone, Ricotta, Burrata",Italian,280,Flavor or texture
Mustard Seed,"Cumin Seed, Coriander Seed, Fennel Seed",Indian,508,Flavor variation
Oatmeal,"Quinoa, Chia Seeds, Rice Pudding",Breakfast,71,Flavor or texture
Okra,"Zucchini, Green Beans, Eggplant",Southern,33,Seasonal or availability
Olive,"Capers, Green Beans, Artichoke Hearts",Mediterranean,115,Flavor variation
Parmesan Cheese,"Pecorino Romano, Grana Padano, Asiago",Italian,431,Flavor and texture
Pasta,"Zoodles (Zucchini Noodles), Rice, Quinoa",Italian,131,Low-carb or gluten-free
Peanuts,"Cashews, Almonds, Sunflower Seeds",Snacks,567,Nut allergies or preference
Pear Cider Vinegar,"Apple Cider Vinegar, White Wine Vinegar, Rice Vinegar",Global,0,Flavor substitution
Pickles,"Olives, Fermented Vegetables, Kimchi",Snacks,12,Flavor variation
Poppy Seed,"Sesame Seeds, Chia Seeds, Flaxseeds",Baking,525,Flavor and availability
Prosciutto,"Pancetta, Bacon, JamÃ³n Serrano",Italian,245,Flavor or texture
Red Lentils,"Green Lentils, Yellow Split Peas, Chickpeas",Indian,360,Flavor and texture
Ricotta,"Cottage Cheese, Cream Cheese, Tofu",Italian,174,Dietary preference
Rosemary Sprig,"Thyme, Sage, Oregano",Mediterranean,131,Flavor variation
Sriracha,"Hot Sauce, Chili Paste, Sambal Oelek",Asian,20,Flavor or spice level
Soybean,"Edamame, Tofu, Tempeh",Asian,173,Availability or preparation
Sorghum,"Millet, Quinoa, Farro",African,339,Flavor and texture
Sour Cream,"Greek Yogurt, Ricotta, Cottage Cheese",Global,193,Lower fat or availability
,,,,
Spelt,"Kamut, Farro, Whole Wheat Flour",Baking,338,Gluten-free or flavor
Sunflower Seed,"Pumpkin Seeds, Chia Seeds, Poppy Seeds",Snacks,584,Allergy or flavor
Sweet Corn,"Peas, Carrots, Bell Peppers",American,86,Flavor or texture
Swiss Chard,"Kale, Spinach, Collard Greens",Mediterranean,19,Seasonal availability
Tahini,"Peanut Butter, Almond Butter, Sunflower Seed Butter",Middle Eastern,595,Flavor or availability
Taro Root,"Sweet Potato, Yams, Rutabaga",Asian,142,Seasonal or availability
Tempura Batter,"Panko, Rice Flour, Cornstarch",Japanese,150,Crunch texture
Tofu Skin,"Seitan, Tempeh, Jackfruit",Asian,116,Texture or preference
Tomato Paste,"Tomato Sauce, Ketchup, Pureed Tomatoes",Global,82,Flavor or preparation
Tuna,"Salmon, Tofu, Chickpeas",Global,144,Dietary or flavor
Vinegar,"Lemon Juice, Lime Juice, Tamarind",Global,3,Flavor substitution
Wasabi,"Horseradish, Mustard, Dijon Mustard",Japanese,109,Flavor or spice level
Whey Protein,"Pea Protein, Rice Protein, Hemp Protein",Global,387,Dietary preference
White Pepper,"Black Pepper, Pink Peppercorns, Lemon Zest",Global,255,Flavor variation
White Rice,"Brown Rice, Quinoa, Farro",Asian,130,Nutritional preference
Yams,"Sweet Potatoes, Butternut Squash, Carrots",African,118,Flavor or texture
Yogurt,"Almond Yogurt, Coconut Yogurt, Greek Yogurt",Global,61,Dietary preference
Zaatar,"Thyme, Sumac, Oregano",Middle Eastern,268,Flavor substitution
Churros,"Donuts, Funnel Cake, Fried Pastry",Spanish,223,Texture or flavor
Tandoori Masala,"Garam Masala, Curry Powder, Cumin",Indian,35,Flavor or availability
,,,,
Cardamom,"Cinnamon, Nutmeg, Cloves",Indian,311,Flavor substitution
Tapioca,"Cornstarch, Arrowroot Powder, Rice Flour",Asian,358,Thickening agent
Pita Bread,"Naan, Tortilla, Lavash",Middle Eastern,275,Texture or availability
Mashed Potatoes,"Cauliflower Mash, Sweet Potato Mash, Butternut Squash Mash",Global,88,Dietary preference
Pine Nuts,"Walnuts, Almonds, Cashews",Mediterranean,673,Allergy or availability
Porridge,"Oatmeal, Cream of Wheat, Rice Pudding",Global,130,Breakfast variety
Lime Juice,"Lemon Juice, Tamarind, Vinegar",Global,30,Flavor substitution
Cantaloupe,"Honeydew, Watermelon, Mango",Global,34,Flavor or seasonal availability
Coriander,"Cilantro, Parsley, Basil",Indian,298,Flavor variation
Polenta,"Cornmeal, Semolina, Grits",Italian,70,Texture or preparation
Plum,"Apricot, Peach, Mango",Global,46,Flavor or availability
Prunes,"Dried Apricots, Figs, Dates",Global,240,Flavor or texture
Raisins,"Dried Cranberries, Currants, Sultanas",Global,299,Flavor or texture
Rice Paper,"Lettuce, Nori, Tortillas",Asian,45,Dietary or texture
Seaweed,"Nori, Wakame, Dulse",Japanese,306,Flavor or availability
Safflower Oil,"Sunflower Oil, Grapeseed Oil, Canola Oil",Global,884,Oil preference
Shallots,"Red Onion, Yellow Onion, Leeks",French,72,Flavor substitution
Sherry Vinegar,"Balsamic Vinegar, Red Wine Vinegar, White Wine Vinegar",Spanish,10,Flavor substitution
Sweetened Condensed Milk,"Evaporated Milk + Sugar, Coconut Milk, Almond Milk",Global,321,Dietary preference
Tamari,"Soy Sauce, Coconut Aminos, Worcestershire Sauce",Japanese,10,Dietary or flavor
,,,,
Tabbouleh,"Quinoa Salad, Couscous Salad, Rice Salad",Middle Eastern,120,Dietary preference or availability
Tahini Paste,"Almond Butter, Peanut Butter, Cashew Butter",Middle Eastern,595,Dietary or flavor substitution
Tamarind,"Lime Juice, Pomegranate Molasses, Lemon Juice",Indian,239,Flavor substitution
Turmeric Root,"Ground Turmeric, Saffron, Ginger",Indian,354,Flavor or availability
Udon Noodles,"Soba Noodles, Rice Noodles, Ramen",Japanese,127,Dietary or texture
Balsamic Vinegar,"Red Wine Vinegar, Apple Cider Vinegar, Sherry Vinegar",Italian,88,Flavor substitution
White Beans,"Cannellini Beans, Great Northern Beans, Navy Beans",Global,140,Texture or flavor
Whole Wheat Flour,"Spelt Flour, Oat Flour, Almond Flour",Global,332,Dietary or availability
Ziti Pasta,"Penne, Rigatoni, Fusilli",Italian,160,Shape or texture
Zinfandel Wine,"Merlot, Cabernet Sauvignon, Shiraz",Global,125,Flavor or availability
White Chocolate,"Milk Chocolate, Dark Chocolate, Butterscotch Chips",Global,539,Flavor or dietary
Elderflower,"Jasmine, Chamomile, Rose",European,40,Flavor substitution
Matcha,"Green Tea Powder, Spirulina, Wheatgrass",Japanese,3,Flavor or dietary
Mango Chutney,"Apple Chutney, Peach Chutney, Apricot Jam",Indian,237,Flavor substitution
Yuzu,"Lemon, Lime, Grapefruit",Japanese,20,Flavor substitution
Lapsang Souchong,"Black Tea, Oolong Tea, Smoky Tea",Chinese,1,Flavor substitution
Muscovado Sugar,"Brown Sugar, Coconut Sugar, Maple Syrup",Global,384,Flavor or texture
Cacao Nibs,"Dark Chocolate, Cocoa Powder, Carob Chips",Global,500,Flavor or texture
Fennel Seeds,"Anise Seeds, Caraway Seeds, Dill Seeds",Indian,345,Flavor substitution
Sea Salt,"Himalayan Pink Salt, Kosher Salt, Table Salt",Global,0,Texture or preference
